{"cameraMode":{"drawMode":0,"name":"Shaded","section":"Shading Mode"},"sceneLighting":true,"audioPlay":false,"sceneViewState":{"showFog":true,"showMaterialUpdate":true,"showSkybox":false,"showFlares":true,"showImageEffects":true,"showParticleSystems":true},"in2DMode":false,"pivot":{"x":16.75027847290039,"y":4.31240177154541,"z":-0.21113654971122743},"rotation":{"x":0.10198760032653809,"y":0.1589566469192505,"z":-0.016510961577296258,"w":0.9818649888038635},"size":4.720271587371826,"orthographic":true}