{"cameraMode":{"drawMode":0,"name":"Shaded","section":"Shading Mode"},"sceneLighting":true,"audioPlay":false,"sceneViewState":{"showFog":true,"showMaterialUpdate":true,"showSkybox":false,"showFlares":true,"showImageEffects":true,"showParticleSystems":true},"in2DMode":false,"pivot":{"x":-14.551002502441407,"y":-5.510974884033203,"z":-0.09999990463256836},"rotation":{"x":0.038983896374702457,"y":-0.017985347658395768,"z":0.0007017998723313212,"w":0.9990777373313904},"size":5.2219672203063969,"orthographic":true}