{"cameraMode":{"drawMode":0,"name":"Shaded","section":"Shading Mode"},"sceneLighting":true,"audioPlay":false,"sceneViewState":{"showFog":true,"showMaterialUpdate":true,"showSkybox":true,"showFlares":true,"showImageEffects":true,"showParticleSystems":true},"in2DMode":false,"pivot":{"x":1.939208984375,"y":1.154052734375,"z":0.611328125},"rotation":{"x":-0.04338265582919121,"y":0.06888008862733841,"z":0.002998173935338855,"w":0.9966767430305481},"size":15.804856300354004,"orthographic":true}