{"cameraMode":{"drawMode":0,"name":"Shaded","section":"Shading Mode"},"sceneLighting":false,"audioPlay":false,"sceneViewState":{"showFog":true,"showMaterialUpdate":true,"showSkybox":false,"showFlares":true,"showImageEffects":true,"showParticleSystems":true},"in2DMode":false,"pivot":{"x":-4.848781585693359,"y":-4.909472465515137,"z":-0.027363667264580728},"rotation":{"x":0.038983896374702457,"y":-0.017985347658395768,"z":0.0007017998723313212,"w":0.9990777373313904},"size":22.0,"orthographic":true}